{
    "1.50sigma": {
        "Veffs": [
            0.0,
            319462.6571845966,
            0.0,
            8179445.292494205,
            17448911.75238861,
            27486203.38051133,
            45076341.93321376,
            86936848.40083873,
            160471378.83140317,
            322536551.3317901,
            589553588.2042725,
            1082857024.8561304,
            1835442946.4392467,
            2642815947.106228,
            4234451066.2831993,
            6045825635.525707,
            8147235037.311622,
            11168767060.812685,
            14200386876.569113,
            18491011776.777924,
            23394790856.07941,
            27958917076.38954,
            33910498595.90759,
            40282109367.095474,
            45251945703.07257,
            51980619025.75841,
            58268505322.04154,
            65084790713.31742,
            72593244658.24397,
            76582031117.9887
        ],
        "Veffs_uncertainty": [
            0.0,
            779224.6337411177,
            0.0,
            3942888.987913601,
            5817330.779445701,
            7227864.486987151,
            9256076.940269671,
            12854481.684560692,
            17464309.360325053,
            24759512.68518373,
            33474512.977308977,
            47477069.45036984,
            81568548.45191813,
            72933761.50226626,
            90209563.2849267,
            112293680.05698098,
            125255233.23512526,
            147873668.90935522,
            166325684.48367026,
            187760221.77014035,
            427854112.67362547,
            465141430.189017,
            508140289.96571815,
            558892471.7147406,
            593763940.406084,
            628726067.1179601,
            668726352.138113,
            704780334.0363687,
            795490417.3304367,
            901637354.7538298
        ]
    },
    "1.75sigma": {
        "Veffs": [
            0.0,
            319462.6571845966,
            0.0,
            6278781.73707238,
            11636314.505246911,
            14064620.408117186,
            32925775.697588738,
            68485038.2911128,
            120846863.20486662,
            247279430.19656122,
            469896138.5987767,
            843253714.8197501,
            1523246882.990961,
            2246806958.103181,
            3690042080.6481385,
            5332575963.1630535,
            7340353609.826064,
            10131235944.255844,
            13027626821.244375,
            17209693826.94469,
            21779519242.091953,
            26362303891.78853,
            32324034648.068214,
            38670979601.28321,
            43431192342.65532,
            49898974015.94975,
            56548859905.4016,
            63390209169.8379,
            70571488699.01747,
            74976584293.80466
        ],
        "Veffs_uncertainty": [
            0.0,
            779224.6337411177,
            0.0,
            3454540.7249157755,
            4750587.38576021,
            5170310.573896927,
            7910804.12489151,
            11409076.052493745,
            15155501.597787406,
            21679368.09457506,
            29885020.75401885,
            41896474.19966901,
            74308319.25682555,
            67247792.60136597,
            84211165.96489233,
            105462006.80469412,
            118891073.45088159,
            140837869.4370452,
            159309577.53613308,
            181138106.64362594,
            412819565.00435245,
            451665097.73967034,
            496111535.3831809,
            547601645.3866311,
            581695985.6472416,
            616008282.0337826,
            658784580.1741067,
            695544808.2087373,
            784334805.7343742,
            892136445.7042058
        ]
    },
    "2.00sigma": {
        "Veffs": [
            0.0,
            319462.6571845966,
            0.0,
            4378118.181650555,
            11636314.505246911,
            10231142.137767697,
            25315750.91003756,
            57058589.01760081,
            104189385.14451376,
            206065350.96678147,
            387994061.69730467,
            701927704.9469248,
            1311625442.2226064,
            1953666637.0202966,
            3200022053.292191,
            4747689103.600075,
            6569297380.360744,
            9287090331.11675,
            12087003894.29992,
            16214334790.271563,
            20579074459.690792,
            25082943358.487354,
            30992703393.91374,
            37179843051.35786,
            41906474612.102684,
            48328442726.79473,
            55004602215.33599,
            61799671279.75035,
            68992795709.48465,
            73344546342.83186
        ],
        "Veffs_uncertainty": [
            0.0,
            779224.6337411177,
            0.0,
            2884671.501088621,
            4750587.38576021,
            4409757.24860174,
            6936622.026090601,
            10413893.636366075,
            14072276.546670953,
            19790424.518381838,
            27155960.170617312,
            38224739.7308866,
            68953641.31654389,
            62707629.428677306,
            78420662.47463317,
            99510438.90413685,
            112473502.18297775,
            134842894.55778617,
            153450589.84650722,
            175821839.6993664,
            401281415.4098055,
            440569166.5835374,
            485787430.4091657,
            536940216.5898114,
            571394103.1438054,
            606236588.0885578,
            649727146.7444134,
            686763338.7868413,
            775512353.195569,
            882373322.4754095
        ]
    },
    "2.25sigma": {
        "Veffs": [
            0.0,
            319462.6571845966,
            0.0,
            4378118.181650555,
            7757409.29010033,
            6429373.489771105,
            19610547.452933386,
            43735434.27783674,
            94710155.06066865,
            178232819.5420594,
            324765277.2487764,
            600180164.0255677,
            1146364509.4811552,
            1682993527.3381274,
            2814519375.101672,
            4280686275.87114,
            5992928332.871753,
            8572845027.776843,
            11298486899.44689,
            15263909044.912725,
            19593655296.85112,
            24048752698.8675,
            29625702267.284325,
            35780565686.97518,
            40428262431.8685,
            47075566236.93633,
            53650084586.54923,
            60449491254.65831,
            67720245686.10301,
            71988374260.51512
        ],
        "Veffs_uncertainty": [
            0.0,
            779224.6337411177,
            0.0,
            2884671.501088621,
            3878804.928801957,
            3495722.5113276904,
            6105166.0784667265,
            9117365.08057184,
            13416860.29040188,
            18405450.94486052,
            24844909.469209462,
            35345909.717740886,
            64463466.43056755,
            58201794.61292889,
            73545506.36493818,
            94489642.51489818,
            107426221.21223055,
            129553967.71505265,
            148360870.99866837,
            170591008.50932947,
            391555978.2259242,
            431391048.4556524,
            474953257.16989684,
            526739344.31554437,
            561225930.3381307,
            598326887.2913021,
            641677341.6091003,
            679219813.030078,
            768327027.7258565,
            874177529.4058738
        ]
    },