{
    "1.50sigma": {
        "Veffs": [
            0.0,
            1900663.5554218248,
            5701990.666265475,
            7602654.221687299,
            24708626.220483724,
            77927205.77229482,
            144450430.2120587,
            275596215.5361646,
            501772263.0699311,
            851478492.4117619,
            1429212906.3215516,
            2243670570.3449497,
            3348710168.7869287,
            5024183060.679841,
            7497206869.094941,
            9729790074.65276,
            13333155923.8437,
            17846547140.556526,
            21726774846.1998,
            27265654125.658585,
            32747766699.847416,
            40504937119.96354,
            48119381849.66537,
            57412343820.19077,
            66681543397.2444,
            77299288379.4777,
            87627928439.31027,
            107592750008.53918,
            116225501989.38327,
            134042398648.08865
        ],
        "Veffs_uncertainty": [
            0.0,
            1900663.5554218248,
            3292045.8460851056,
            3801327.1108436496,
            6852939.906479082,
            12170184.87892678,
            16569600.727508904,
            22887019.965075534,
            30882037.71674645,
            40229021.101097584,
            52119601.72510798,
            68340458.88266025,
            110177032.19549145,
            100560605.72260384,
            120033858.93191157,
            142455506.39708337,
            160234945.25137374,
            186924115.13320997,
            205734375.68918824,
            227998091.9701414,
            506205630.25188434,
            559859216.4941963,
            605308208.3114486,
            667228818.9536805,
            720772174.2243805,
            766705345.1928728,
            820073486.3959093,
            906161329.7513267,
            963703160.2094684,
            1117760796.2388988
        ]
    },
    "1.75sigma": {
        "Veffs": [
            0.0,
            1900663.5554218248,
            1900663.5554218248,
            3801327.1108436496,
            13304644.887952773,
            58920570.218076564,
            96933841.32651307,
            193867682.65302613,
            410542286.52827144,
            684228626.2150751,
            1130847950.2949677,
            1848277502.9711285,
            2834188882.378542,
            4279872740.26242,
            6604252463.674254,
            8629649388.936186,
            11956335867.696295,
            16226581429.223976,
            19866856217.29125,
            25230113280.983482,
            30557780674.9388,
            38148762303.659065,
            45440226338.86276,
            54248993109.37344,
            63045882952.38915,
            73621584945.55447,
            83825056536.92862,
            103192101296.08519,
            111719569154.30914,
            129349993326.76509
        ],
        "Veffs_uncertainty": [
            0.0,
            1900663.5554218248,
            1900663.5554218248,
            2687944.1775858114,
            5028683.093649979,
            10582446.80960744,
            13573452.747784749,
            19195760.964147545,
            27933899.870297916,
            36062285.19413787,
            46361206.69103766,
            62027165.24501794,
            101360019.24273762,
            92813378.35155725,
            112658990.29328144,
            134160318.73878902,
            151736412.03912804,
            178238594.33021232,
            196731455.68651032,
            219322330.58814734,
            488986683.41521156,
            543331741.1457846,
            588215936.1064844,
            648586639.9317722,
            700847544.5910398,
            748244140.4220175,
            802081364.5205646,
            887436421.7479153,
            944837656.8584428,
            1098021852.1289515
        ]
    },
    "2.00sigma": {
        "Veffs": [
            0.0,
            0.0,
            0.0,
            0.0,
            13304644.887952773,
            47516588.88554562,
            85529859.9939821,
            148251757.32290232,
            359225411.9747249,
            570194356.2450293,
            954103480.535575,
            1565244846.1199355,
            2457315116.054409,
            3730683626.1912665,
            5826486143.207747,
            7723284664.459983,
            10912127810.668272,
            14872244198.468256,
            18410925355.060337,
            23631446490.807434,
            28515270952.32635,
            36223118354.754974,
            42987887098.78644,
            51724133264.0998,
            60396820730.46862,
            70424838370.64705,
            80748764995.69942,
            99397391431.92046,
            107940549228.4704,
            125503986356.56992
        ],
        "Veffs_uncertainty": [
            0.0,
            0.0,
            0.0,
            0.0,
            5028683.093649979,
            9503317.777109124,
            12750038.736838916,
            16786206.00883002,
            26129803.840093218,
            32920322.483568348,
            42584383.44692904,
            57080725.726555355,
            94380595.96739265,
            86654149.4262648,
            105817471.54673691,
            126919550.968701,
            144959098.47111353,
            170638288.15660197,
            189385637.3054067,
            212260119.72170395,
            472361919.45672727,
            529441241.6348554,
            572123244.9391313,
            633313533.2804561,
            685965430.0074886,
            731818986.2103747,
            787226024.8707335,
            870966626.8879902,
            928720174.0909662,
            1081574745.747275
        ]
    },
    "2.25sigma": {
        "Veffs": [
            0.0,
            0.0,
            0.0,
            0.0,
            5701990.666265475,
            36112607.55301467,
            68423887.99518569,
            119741803.99157496,
            304106168.86749196,
            497971688.51213515,
            824867780.2440907,
            1340476144.20174,
            2134809786.5153427,
            3265969878.083068,
            5240752107.414257,
            6987725914.640016,
            10031315222.858421,
            13736642866.595245,
            17125963849.31881,
            22197916817.702065,
            27182051932.11655,
            34535992542.20809,
            40844489459.43292,
            49599254105.75347,
            57970809258.158104,
            67873597700.78324,
            77968285937.7778,
            96467934578.77165,
            104771918060.99513,
            122357238046.97621
        ],
        "Veffs_uncertainty": [
            0.0,
            0.0,
            0.0,
            0.0,
            3292045.8460851056,
            8284800.363754452,
            11403981.332530947,
            15086049.280949935,
            24041703.60322656,
            30764860.474035703,
            39595405.389409035,
            52823587.104491666,
            87969451.0336204,
            81077666.47976035,
            100357730.12134324,
            120724505.93853533,
            138985564.79105154,
            163994217.6722217,
            182657177.56499255,
            205721348.1761327,
            461187201.2216859,
            516964619.9086634,
            557677700.9594525,
            620168538.2786795,
            672047348.5283209,
            718441114.814173,
            773553743.1418644,
            858036002.5793166,
            914987192.6091628,
            1067929566.5746846
        ]
    },