{
    "1.50sigma": {
        "Veffs": [
            0.0,
            1900663.5554218248,
            0.0,
            11403981.33253095,
            30563434.057034366,
            43715044.17141036,
            142547052.3562111,
            298390217.7942965,
            558740621.6035093,
            1134520416.083588,
            1708245080.892545,
            3281328276.9339914,
            5706012829.180309,
            8128937117.706094,
            11855881148.07453,
            15907600969.33525,
            21963150506.62168,
            29070648400.503723,
            36235733353.518166,
            46364889186.94599,
            55951287720.735176,
            67743836204.21084,
            79774245610.46407,
            96644305267.9723,
            110672144170.99373,
            127382086112.18915,
            147145124010.9365,
            169286357523.9703,
            184773611760.39655,
            207639815595.9273
        ],
        "Veffs_uncertainty": [
            0.0,
            1900663.5554218248,
            0.0,
            4655655.883487567,
            7640858.514258591,
            9115239.507563964,
            16460072.519471388,
            23814689.001874458,
            32588002.95224496,
            46436425.44094108,
            56980691.194307804,
            82646256.24117866,
            143819793.60327798,
            127912219.62474924,
            150945767.37224284,
            182150282.86609307,
            205654433.3520413,
            238569868.38332784,
            265691559.97327796,
            297315715.0192863,
            661669582.9789408,
            724035305.7961938,
            795448889.44973,
            865685796.114085,
            1002969548.1622794,
            1004521658.6398077,
            1084598051.1503074,
            1198129458.6072707,
            1202638549.1220927,
            2226973413.1506467
        ]
    },
    "1.75sigma": {
        "Veffs": [
            0.0,
            1900663.5554218248,
            0.0,
            9503317.777109124,
            17191931.65708183,
            24708626.220483724,
            108335740.64333737,
            235674388.8087892,
            418114769.4455476,
            891293768.6344934,
            1343455993.418863,
            2586498098.186473,
            4811385441.628052,
            6981050494.919204,
            10278724795.627798,
            14144961892.069498,
            19751186453.472546,
            26480258033.67326,
            33203190555.99644,
            43078628543.2859,
            52394681447.679115,
            63802902389.081406,
            75635351004.50742,
            91919416504.24278,
            106191639032.20987,
            122326109684.45636,
            141624316852.90015,
            163635272554.25397,
            179198743456.08182,
            201862748266.69888
        ],
        "Veffs_uncertainty": [
            0.0,
            1900663.5554218248,
            0.0,
            4250012.912279638,
            5730643.885693944,
            6852939.906479082,
            14349557.275066791,
            21164539.25213537,
            28190344.167263214,
            41158833.598854005,
            50531750.8602686,
            73376066.49087234,
            132064887.01667129,
            118537439.75407684,
            140547666.76876113,
            171762517.41022715,
            195023682.07804072,
            227692821.12860468,
            254330907.0058696,
            286585482.23183227,
            640294438.3517251,
            702659736.4588226,
            774539088.7031595,
            844259171.0363246,
            982457443.2749916,
            984384368.3893085,
            1064056762.2361578,
            1177961857.5178983,
            1184356987.166881,
            2195774846.7202473
        ]
    },
    "2.00sigma": {
        "Veffs": [
            0.0,
            1900663.5554218248,
            0.0,
            7602654.221687299,
            13371502.399952536,
            22807962.6650619,
            81728020.60981795,
            176758530.51740113,
            319292277.3958491,
            714566635.4018817,
            1109750780.5866432,
            2132964496.5680397,
            4057992572.818185,
            6013987359.895463,
            9008425758.494999,
            12669221119.715406,
            17938235601.5389,
            24304910896.644978,
            30903112142.73262,
            40233246745.61139,
            49248674270.66225,
            60419798824.26301,
            72073364036.57088,
            87774211181.95679,
            102382301200.63142,
            118183877447.27716,
            136864908232.99486,
            158541417490.50143,
            174180528552.72382,
            197169162616.24588
        ],
        "Veffs_uncertainty": [
            0.0,
            1900663.5554218248,
            0.0,
            3801327.1108436496,
            5053952.857939677,
            6584091.692170211,
            12463445.35952418,
            18329170.659479953,
            24634674.65127003,
            36853097.04527899,
            45926711.88167029,
            66633121.41788984,
            121285229.18114802,
            110021207.89788692,
            131576543.38785122,
            162555797.77054712,
            185857726.00908202,
            218139969.63111633,
            245363715.84148866,
            276959197.6034381,
            620773829.1869501,
            683776999.7661904,
            756080998.1822447,
            825003184.9854456,
            964675010.938846,
            967574120.4156224,
            1046024694.2517248,
            1159482329.8648727,
            1167656089.4237056,
            2170097321.653982
        ]
    },
    "2.25sigma": {
        "Veffs": [
            0.0,
            0.0,
            0.0,
            5701990.666265475,
            13371502.399952536,
            19006635.554218248,
            58920570.218076564,
            138746925.25376856,
            264177570.66940075,
            570143961.8866132,
            917845511.9096684,
            1856252263.773682,
            3547248895.0620604,
            5247918548.022376,
            7991327018.153408,
            11393122693.049677,
            16361286580.615677,
            22527302801.29373,
            28905083276.465862,
            37851949156.46885,
            46669241758.24006,
            57628303206.036964,
            68856545043.88133,
            84322647316.9141,
            98864852664.35474,
            114243348660.14609,
            133027373478.08278,
            154348046000.80392,
            169922186421.09763,
            193739081728.63812
        ],
        "Veffs_uncertainty": [
            0.0,
            0.0,
            0.0,
            3292045.8460851056,
            5053952.857939677,
            6010425.90080664,
            10582446.80960744,
            16239187.918632936,
            22407870.954894476,
            32918867.68559477,
            41767397.74027339,
            62160835.482549936,
            113396100.5420544,
            102775286.49371733,
            123926296.93296091,
            154151903.88270402,
            177500460.12050518,
            210011380.6380155,
            237299237.9761096,
            268637957.0015114,
            604298477.1956224,
            667794391.2495484,
            739015488.7582601,
            808619618.7323893,
            947958984.4051528,
            951306773.0999571,
            1031255767.0540655,
            1144045597.004705,
            1153294418.717106,
            2151138303.4441757
        ]
    },