{
    "1.50sigma": {
        "Veffs": [
            0.0,
            0.0,
            0.0,
            7602654.221687299,
            11403274.908964278,
            30408062.613094207,
            127332035.11663453,
            226137346.51633772,
            524438195.231132,
            1109488591.4316902,
            1863399804.361602,
            3211086064.7600274,
            5604409055.028877,
            8602295971.128515,
            13204041205.61519,
            18424292771.556335,
            25775675240.089657,
            35340797274.27651,
            44474350445.950096,
            57909057398.502235,
            70094719658.45119,
            86998203322.14561,
            103504316309.36311,
            122088135566.01405,
            143219163864.45108,
            162745234097.01566,
            183345261403.3458,
            209659958451.52277,
            228835046824.5874,
            250387854152.81372
        ],
        "Veffs_uncertainty": [
            0.0,
            0.0,
            0.0,
            3801327.1108436496,
            4655511.683147678,
            7602334.930775748,
            15556842.821854288,
            20731883.972360052,
            31571831.82438118,
            45921286.250392735,
            59512150.837709226,
            81756881.54689658,
            142533582.92583174,
            131583775.57628423,
            159296948.52782443,
            196030171.04215378,
            222790045.88448155,
            263042790.49268788,
            294349998.5904275,
            332274107.29832363,
            740591595.0830318,
            855433155.714324,
            906066674.908031,
            1256126168.352453,
            1056320619.6541013,
            1123781413.5704398,
            1210683788.473259,
            1277787780.5705812,
            1366550001.4430928,
            1383379492.2348497
        ]
    },
    "1.75sigma": {
        "Veffs": [
            0.0,
            0.0,
            0.0,
            5701990.666265475,
            11403274.908964278,
            20906140.82728494,
            91224178.84509496,
            155828217.06193078,
            376244542.37110746,
            879659348.2857563,
            1462700256.4819303,
            2562462008.2279205,
            4652655932.482438,
            7236794445.642348,
            11290108811.936388,
            16226586275.433922,
            23073177451.60103,
            31876618114.17492,
            40801902198.59741,
            53770434838.890594,
            65571760407.40837,
            81967858073.29501,
            98289664934.4067,
            116469333664.42589,
            137455586183.19296,
            156977432868.30884,
            177422315127.3451,
            203913127758.14648,
            223412456006.23602,
            244896268478.5092
        ],
        "Veffs_uncertainty": [
            0.0,
            0.0,
            0.0,
            3292045.8460851056,
            4655511.683147678,
            6303613.245983351,
            13167629.707132358,
            17209794.10324171,
            26741620.923405644,
            40889319.68708761,
            52726663.748063564,
            73034332.17825188,
            129868181.08980428,
            120689161.97639564,
            147300114.66250682,
            183967491.85099062,
            210787309.4427977,
            249818359.1385324,
            281935287.55373377,
            320180608.94216144,
            716299336.8181995,
            830333825.9656515,
            882947444.9650718,
            1226880680.6573095,
            1034847578.0139865,
            1103687989.572797,
            1190967754.3114586,
            1260153865.8478413,
            1350261699.5366359,
            1368125028.6347027
        ]
    },
    "2.00sigma": {
        "Veffs": [
            0.0,
            0.0,
            0.0,
            5701990.666265475,
            9502611.353542453,
            15204769.209465006,
            68419977.06619555,
            110219422.11119567,
            302140041.2701547,
            729589178.0198925,
            1212001677.116318,
            2132057093.9380744,
            3961402214.790041,
            6164370960.162822,
            9820393751.52018,
            14383725507.093506,
            20965727123.22955,
            29134341995.57706,
            37707184810.56416,
            50280312126.03297,
            61794790139.80899,
            77562305666.07909,
            94004924853.50517,
            112063774283.46835,
            132732663249.33966,
            151933806640.97104,
            172561724186.41074,
            198631521616.11737,
            218243567721.48773,
            240326203826.8837
        ],
        "Veffs_uncertainty": [
            0.0,
            0.0,
            0.0,
            3292045.8460851056,
            4249854.948232445,
            5375793.0303379465,
            11403655.417124586,
            14473770.714862248,
            23963859.56134423,
            37238468.833889715,
            47995910.41750448,
            66618946.42772698,
            119833090.32535529,
            111388289.81108935,
            137378405.62240744,
            173206106.40023285,
            200930433.77817845,
            238831077.87288082,
            271032446.86407816,
            309615172.2064991,
            695363768.4128628,
            807711548.8284411,
            863487848.2108383,
            1203453058.6640205,
            1016913691.6983,
            1085812694.4924548,
            1174540827.9904058,
            1243727014.9946587,
            1334550412.516472,
            1355299466.383668
        ]
    },
    "2.25sigma": {
        "Veffs": [
            0.0,
            0.0,
            0.0,
            3801327.1108436496,
            9502611.353542453,
            9503087.206514247,
            53216626.5843364,
            85517750.6965598,
            245134603.34907222,
            566218305.3999667,
            995487203.7013245,
            1799325399.3102255,
            3364186463.638061,
            5443267782.581428,
            8685865954.729328,
            12950020447.49388,
            19129967893.206696,
            26947392757.210884,
            35123575089.77021,
            47483338585.34532,
            58619649736.321465,
            74467208907.60536,
            90352860736.91408,
            108289489133.53363,
            128695979646.00266,
            147595498853.6442,
            168098839217.75476,
            194637245516.03085,
            213605888481.82968,
            236290557319.0435
        ],
        "Veffs_uncertainty": [
            0.0,
            0.0,
            0.0,
            2687944.1775858114,
            4249854.948232445,
            4249961.354814538,
            10057181.64752633,
            12749136.131150244,
            21585143.19522496,
            32805342.514389653,
            43498117.75196589,
            61200250.552218445,
            110431334.08981155,
            104670669.7799175,
            129199425.49634485,
            164347360.25312328,
            191932216.1343229,
            229692390.5909365,
            261582441.1702196,
            300880384.494597,
            677263603.4000036,
            791431761.801982,
            846548570.5214486,
            1183013456.9955914,
            1001331043.5969794,
            1070198312.5933553,
            1159253028.965777,
            1231158471.894288,
            1320294663.5192163,
            1343871944.5101953
        ]
    },