{
    "1.50sigma": {
        "Veffs": [
            0.0,
            0.0,
            3800582.070978952,
            5699956.281141017,
            15203238.083511954,
            17098528.525540847,
            104502682.8932957,
            214670348.18713972,
            415942288.62284565,
            772732883.5406984,
            1542885929.6102567,
            2897212219.5319853,
            5435248477.808279,
            8095329561.833584,
            12808811645.377905,
            18676409669.543526,
            26612233698.894814,
            37088637913.09071,
            47666593150.16433,
            63696578932.127914,
            77540145048.57858,
            95967421713.59125,
            115588377995.65067,
            137043253062.534,
            156867001339.68494,
            182382739355.3503,
            200642539104.41226,
            221104644538.82605,
            244906215594.10388,
            261166203067.19238
        ],
        "Veffs_uncertainty": [
            0.0,
            0.0,
            2687680.7533074487,
            3291458.5172932753,
            5375522.351337804,
            5700749.9524041535,
            14093418.35109889,
            20199408.586119793,
            28117011.739233397,
            38323690.19055736,
            54152627.42086793,
            77658410.81827307,
            140366021.5849788,
            127647531.30351397,
            156894760.58235106,
            197366846.28284815,
            226376542.014727,
            269468915.0249459,
            304730754.9464917,
            348482766.41147983,
            812092534.851044,
            861760858.5755622,
            938152905.9321743,
            1041328966.5924491,
            1153593421.9079623,
            1177694400.993779,
            1240917776.9480028,
            1369278215.6200304,
            2284424649.6187854,
            2883948965.6753707
        ]
    },
    "1.75sigma": {
        "Veffs": [
            0.0,
            0.0,
            1900373.6453502772,
            1900389.499147925,
            11401910.972668305,
            7599030.799704166,
            72203385.98137364,
            169087515.21878085,
            307715434.4369768,
            622792489.3637575,
            1231837273.0951967,
            2287146048.815187,
            4449783723.623074,
            6874461875.294646,
            11012068377.041569,
            16426827942.675066,
            23841681389.660904,
            33594552848.331795,
            43664607518.91891,
            59222540492.16927,
            73075533489.40782,
            91214862454.17525,
            110316428908.78973,
            131674926642.16397,
            151745189190.67484,
            176844481370.7545,
            195891614209.00732,
            216566768428.80164,
            240349379101.94327,
            256601623742.26132
        ],
        "Veffs_uncertainty": [
            0.0,
            0.0,
            1900518.594858096,
            1900526.5223450041,
            4655233.253867615,
            3800421.147389546,
            11714706.326359699,
            17927032.04250971,
            24183951.53144241,
            34405217.440442495,
            48387066.56930385,
            68999396.76147167,
            127005269.63327372,
            117629027.65311171,
            145475035.15191144,
            185099122.50509205,
            214268928.2376282,
            256461787.05562136,
            291658079.3736051,
            336021269.858341,
            788366589.816609,
            840151591.998849,
            916508803.1044027,
            1020729490.1797557,
            1134604336.964989,
            1159675545.0613735,
            1226138194.6743162,
            1355154071.2287796,
            2263072338.273509,
            2858635504.3968115
        ]
    },
    "2.00sigma": {
        "Veffs": [
            0.0,
            0.0,
            1900373.6453502772,
            1900389.499147925,
            9501954.854759064,
            5699628.477011955,
            51304006.42376248,
            121598041.14768702,
            226063187.95477146,
            518412350.2475865,
            973815232.2287006,
            1899006467.618816,
            3741971433.418122,
            5917226414.935649,
            9628593312.90163,
            14744647055.085482,
            21591141831.124268,
            30805204256.268852,
            40603058399.568054,
            55504656301.44043,
            68975194192.99301,
            87121904166.97066,
            105908420043.48099,
            127151912729.46812,
            147169424236.95984,
            172383443001.68536,
            191496160930.42722,
            212569315072.55283,
            236045224918.302,
            252387205364.43274
        ],
        "Veffs_uncertainty": [
            0.0,
            0.0,
            1900518.594858096,
            1900526.5223450041,
            4249708.142649801,
            3291363.8701457824,
            9874798.998297257,
            15202531.539848622,
            20728484.328771077,
            31389926.103706613,
            43022030.65420938,
            62872621.21004036,
            116466901.91211332,
            109132535.86401579,
            136030233.30506516,
            175365717.4658331,
            203905322.60935423,
            245584118.37755367,
            281247457.45846134,
            325302919.3915011,
            765929293.3628356,
            821085779.0478464,
            898011271.8983644,
            1003045349.1021801,
            1117366815.0240033,
            1144955264.7109015,
            1212303989.8196,
            1342588901.271672,
            2242717354.0071397,
            2835063238.625947
        ]
    },
    "2.25sigma": {
        "Veffs": [
            0.0,
            0.0,
            1900373.6453502772,
            1900389.499147925,
            9501954.854759064,
            3799850.6784636504,
            43703908.567145884,
            93098526.51871131,
            174777438.3535406,
            415904092.51936156,
            822023421.4413533,
            1633279501.736651,
            3214719941.6171393,
            5236165279.31836,
            8507938424.219699,
            13359343824.161728,
            19778856840.707638,
            28546362137.614494,
            37943535625.7213,
            52323312224.67967,
            65578001366.3909,
            83559624562.47679,
            102092661764.63527,
            123234201142.26807,
            143291813422.1969,
            168241240616.25095,
            187577974338.29724,
            208987267783.78488,
            232507514419.16443,
            248794118571.45114
        ],
        "Veffs_uncertainty": [
            0.0,
            0.0,
            1900518.594858096,
            1900526.5223450041,
            4249708.142649801,
            2687422.1292161667,
            9114078.463731913,
            13302216.973782487,
            18226165.460363828,
            28115720.712838527,
            39527078.80474771,
            58308061.16127396,
            107950301.93867847,
            102660133.92073867,
            127869271.27364025,
            166924494.37148184,
            195160243.29491246,
            236408788.36839294,
            271880543.48638105,
            315842716.38429594,
            746829220.6785576,
            804124123.2302457,
            881685719.8604239,
            987471901.9025753,
            1102548399.1999042,
            1131115553.4341104,
            1199837466.9373205,
            1331228725.130745,
            2225847625.987916,
            2814810342.0865164
        ]
    },